Response to DataFrame ,"7 columns passed, passed data had 6 columns"
 
Response to DataFrame ,"7 columns passed, passed data had 5 columns"
 
Response to DataFrame ,"7 columns passed, passed data had 6 columns"
 
Response to DataFrame ,"7 columns passed, passed data had 4 columns"
 
Response to DataFrame ,"7 columns passed, passed data had 5 columns"
 
Response to DataFrame ,list assignment index out of range
 
Response to DataFrame ,list assignment index out of range
 
Response to DataFrame ,"7 columns passed, passed data had 6 columns"
 
Response to DataFrame ,list assignment index out of range
 
Response to DataFrame ,list assignment index out of range
 
Response to DataFrame ,"7 columns passed, passed data had 5 columns"
 
Response to DataFrame ,"7 columns passed, passed data had 6 columns"
 
Response to DataFrame ,"7 columns passed, passed data had 5 columns"
 
Response to DataFrame ,list assignment index out of range
 
Response to DataFrame ,list assignment index out of range
 
Response to DataFrame ,"10 columns passed, passed data had 8 columns"
 
Response to DataFrame ,list assignment index out of range
 
Response to DataFrame ,list assignment index out of range
 
Response to DataFrame ,list assignment index out of range
 
